"Education","JoiningYear","City","PaymentTier","Age","Gender","EverBenched","ExperienceInCurrentDomain","LeaveOrNot","Education-2","JoiningYear-2","City-2","PaymentTier-2","Age-2","Gender-2","EverBenched-2","ExperienceInCurrentDomain-2","LeaveOrNot-2"
"Bachelors",2017,"Bangalore",3,34,"Male","No",NULL,NULL,"Bachelors",2017,"Bangalore",3,34,"Male","No",NULL,NULL
"Bachelors",2017,"Bangalore",3,34,"Male","No",NULL,NULL,"Bachelors",2014,"New Delhi",3,38,"Female","No",2,NULL
"Bachelors",2017,"Bangalore",3,34,"Male","No",NULL,NULL,"Masters",2016,"Bangalore",3,27,"Male","No",5,1
"Bachelors",2017,"Bangalore",3,34,"Male","No",NULL,NULL,"Masters",2017,"Pune",3,24,"Male","Yes",2,1
"Bachelors",2017,"Bangalore",3,34,"Male","No",NULL,NULL,"Bachelors",2016,"Bangalore",3,22,"Male","No",NULL,NULL
"Bachelors",2017,"Bangalore",3,34,"Male","No",NULL,NULL,"Bachelors",2015,"New Delhi",3,38,"Male","No",NULL,NULL
"Bachelors",2017,"Bangalore",3,34,"Male","No",NULL,NULL,"Bachelors",2016,"Bangalore",3,34,"Female","No",2,1
"Bachelors",2017,"Bangalore",3,34,"Male","No",NULL,NULL,"Bachelors",2016,"Pune",3,23,"Male","No",1,NULL
"Bachelors",2017,"Bangalore",3,34,"Male","No",NULL,NULL,"Masters",2012,"Bangalore",3,27,"Male","No",5,1
"Bachelors",2017,"Bangalore",3,34,"Male","No",NULL,NULL,"Bachelors",2016,"Pune",3,34,"Male","No",3,NULL
"Bachelors",2017,"Bangalore",3,34,"Male","No",NULL,NULL,"Bachelors",2018,"Pune",3,32,"Male","Yes",5,1
"Bachelors",2017,"Bangalore",3,34,"Male","No",NULL,NULL,"Bachelors",2016,"Bangalore",3,39,"Male","No",2,NULL
"Bachelors",2017,"Bangalore",3,34,"Male","No",NULL,NULL,"Bachelors",2012,"Bangalore",3,37,"Male","No",4,NULL
"Bachelors",2017,"Bangalore",3,34,"Male","No",NULL,NULL,"Bachelors",2014,"Bangalore",3,34,"Female","No",2,NULL
"Bachelors",2017,"Bangalore",3,34,"Male","No",NULL,NULL,"Bachelors",2014,"Pune",3,34,"Male","No",4,NULL
"Bachelors",2017,"Bangalore",3,34,"Male","No",NULL,NULL,"Bachelors",2012,"Bangalore",3,37,"Male","No",NULL,NULL
"Bachelors",2017,"Bangalore",3,34,"Male","No",NULL,NULL,"Bachelors",2015,"Bangalore",3,27,"Male","Yes",5,NULL
"Bachelors",2017,"Bangalore",3,34,"Male","No",NULL,NULL,"Bachelors",2017,"Bangalore",3,29,"Male","No",4,NULL
"Bachelors",2017,"Bangalore",3,34,"Male","No",NULL,NULL,"Bachelors",2013,"Bangalore",3,22,"Female","Yes",NULL,NULL
"Bachelors",2017,"Bangalore",3,34,"Male","No",NULL,NULL,"Bachelors",2016,"Bangalore",3,37,"Male","No",2,NULL
"Bachelors",2017,"Bangalore",3,34,"Male","No",NULL,NULL,"Bachelors",2015,"Bangalore",3,23,"Male","No",1,NULL
"Bachelors",2017,"Bangalore",3,34,"Male","No",NULL,NULL,"PHD",2013,"New Delhi",3,25,"Male","No",3,NULL
"Bachelors",2017,"Bangalore",3,34,"Male","No",NULL,NULL,"Bachelors",2014,"Bangalore",3,23,"Male","No",1,NULL
"Bachelors",2017,"Bangalore",3,34,"Male","No",NULL,NULL,"Bachelors",2018,"Bangalore",3,26,"Male","No",4,1
"Bachelors",2017,"Bangalore",3,34,"Male","No",NULL,NULL,"Bachelors",2016,"Bangalore",3,40,"Male","No",5,NULL
"Bachelors",2017,"Bangalore",3,34,"Male","No",NULL,NULL,"Bachelors",2012,"New Delhi",3,29,"Male","No",3,NULL
"Bachelors",2017,"Bangalore",3,34,"Male","No",NULL,NULL,"Bachelors",2014,"Pune",3,30,"Male","Yes",4,NULL
"Bachelors",2017,"Bangalore",3,34,"Male","No",NULL,NULL,"Bachelors",2015,"Bangalore",3,36,"Male","No",1,NULL
"Bachelors",2017,"Bangalore",3,34,"Male","No",NULL,NULL,"Bachelors",2013,"Bangalore",3,30,"Male","No",3,1
"Bachelors",2017,"Bangalore",3,34,"Male","No",NULL,NULL,"Bachelors",2014,"Bangalore",3,36,"Male","No",NULL,NULL
"Bachelors",2017,"Bangalore",3,34,"Male","No",NULL,NULL,"Bachelors",2015,"Pune",3,39,"Male","No",4,NULL
"Bachelors",2017,"Bangalore",3,34,"Male","No",NULL,NULL,"Bachelors",2014,"Bangalore",3,23,"Female","No",1,NULL
"Bachelors",2017,"Bangalore",3,34,"Male","No",NULL,NULL,"PHD",2012,"New Delhi",3,27,"Male","No",5,NULL
"Bachelors",2017,"Bangalore",3,34,"Male","No",NULL,NULL,"Masters",2013,"New Delhi",3,35,"Male","No",2,NULL
"Bachelors",2017,"Bangalore",3,34,"Male","No",NULL,NULL,"Bachelors",2013,"Bangalore",3,30,"Female","No",1,NULL
"Bachelors",2017,"Bangalore",3,34,"Male","No",NULL,NULL,"PHD",2017,"New Delhi",3,34,"Male","No",2,NULL
"Bachelors",2017,"Bangalore",3,34,"Male","No",NULL,NULL,"Bachelors",2016,"Bangalore",3,34,"Female","No",NULL,NULL
"Bachelors",2017,"Bangalore",3,34,"Male","No",NULL,NULL,"Bachelors",2014,"Bangalore",3,31,"Female","Yes",5,NULL
"Bachelors",2017,"Bangalore",3,34,"Male","No",NULL,NULL,"Bachelors",2017,"New Delhi",3,31,"Female","Yes",5,NULL
"Bachelors",2017,"Bangalore",3,34,"Male","No",NULL,NULL,"PHD",2013,"New Delhi",3,28,"Male","No",2,NULL
"Bachelors",2017,"Bangalore",3,34,"Male","No",NULL,NULL,"Bachelors",2016,"Bangalore",3,38,"Male","No",2,NULL
"Bachelors",2017,"Bangalore",3,34,"Male","No",NULL,NULL,"Masters",2014,"Pune",3,39,"Female","No",2,NULL
"Bachelors",2017,"Bangalore",3,34,"Male","No",NULL,NULL,"Bachelors",2013,"Pune",3,32,"Male","No",4,NULL
"Bachelors",2017,"Bangalore",3,34,"Male","No",NULL,NULL,"Masters",2013,"New Delhi",3,29,"Male","No",3,NULL
"Bachelors",2017,"Bangalore",3,34,"Male","No",NULL,NULL,"Bachelors",2015,"Bangalore",3,30,"Male","No",5,NULL
"Bachelors",2017,"Bangalore",3,34,"Male","No",NULL,NULL,"Bachelors",2016,"Bangalore",3,34,"Male","No",4,NULL
"Bachelors",2017,"Bangalore",3,34,"Male","No",NULL,NULL,"Bachelors",2018,"Bangalore",3,40,"Male","No",1,1
"Bachelors",2017,"Bangalore",3,34,"Male","No",NULL,NULL,"PHD",2013,"Bangalore",3,26,"Male","No",4,NULL
"Bachelors",2017,"Bangalore",3,34,"Male","No",NULL,NULL,"Bachelors",2014,"New Delhi",3,28,"Male","No",NULL,NULL
"Bachelors",2017,"Bangalore",3,34,"Male","No",NULL,NULL,"Bachelors",2015,"Bangalore",3,24,"Female","No",2,NULL
"Bachelors",2017,"Bangalore",3,34,"Male","No",NULL,NULL,"Masters",2017,"Bangalore",3,40,"Female","No",2,1
"Bachelors",2017,"Bangalore",3,34,"Male","No",NULL,NULL,"Bachelors",2018,"Bangalore",3,23,"Female","No",1,1
"Bachelors",2017,"Bangalore",3,34,"Male","No",NULL,NULL,"Masters",2017,"Bangalore",3,31,"Male","No",4,NULL
"Bachelors",2017,"Bangalore",3,34,"Male","No",NULL,NULL,"Bachelors",2014,"Pune",3,25,"Female","No",3,NULL
"Bachelors",2017,"Bangalore",3,34,"Male","No",NULL,NULL,"Bachelors",2015,"Bangalore",3,40,"Male","No",NULL,1
"Bachelors",2017,"Bangalore",3,34,"Male","No",NULL,NULL,"Bachelors",2017,"Bangalore",3,23,"Female","No",1,NULL
"Bachelors",2017,"Bangalore",3,34,"Male","No",NULL,NULL,"Bachelors",2012,"Bangalore",3,39,"Male","No",1,NULL
"Bachelors",2017,"Bangalore",3,34,"Male","No",NULL,NULL,"Bachelors",2017,"Pune",3,38,"Male","No",2,NULL
"Bachelors",2017,"Bangalore",3,34,"Male","No",NULL,NULL,"Bachelors",2013,"Bangalore",3,31,"Female","No",NULL,1
"Bachelors",2017,"Bangalore",3,34,"Male","No",NULL,NULL,"Bachelors",2016,"Bangalore",3,38,"Male","No",5,NULL
"Bachelors",2017,"Bangalore",3,34,"Male","No",NULL,NULL,"Bachelors",2017,"Bangalore",3,25,"Female","No",3,NULL
"Bachelors",2017,"Bangalore",3,34,"Male","No",NULL,NULL,"Bachelors",2015,"Bangalore",3,27,"Female","Yes",5,1
"Bachelors",2017,"Bangalore",3,34,"Male","No",NULL,NULL,"Bachelors",2014,"Bangalore",3,28,"Male","No",4,NULL
"Bachelors",2017,"Bangalore",3,34,"Male","No",NULL,NULL,"Masters",2012,"New Delhi",3,32,"Male","No",2,NULL
"Bachelors",2017,"Bangalore",3,34,"Male","No",NULL,NULL,"Bachelors",2018,"Bangalore",3,30,"Male","No",NULL,1
"Bachelors",2017,"Bangalore",3,34,"Male","No",NULL,NULL,"Bachelors",2015,"New Delhi",3,22,"Male","No",NULL,NULL
"Bachelors",2017,"Bangalore",3,34,"Male","No",NULL,NULL,"Masters",2013,"New Delhi",3,36,"Male","No",2,NULL
"Bachelors",2017,"Bangalore",3,34,"Male","No",NULL,NULL,"Bachelors",2014,"Bangalore",3,39,"Male","No",3,1
"Bachelors",2017,"Bangalore",3,34,"Male","No",NULL,NULL,"PHD",2018,"Bangalore",3,26,"Male","No",4,1
"Bachelors",2017,"Bangalore",3,34,"Male","No",NULL,NULL,"Bachelors",2016,"Bangalore",3,31,"Female","No",NULL,NULL
"Bachelors",2017,"Bangalore",3,34,"Male","No",NULL,NULL,"Bachelors",2014,"Bangalore",3,27,"Male","No",5,1
"Bachelors",2017,"Bangalore",3,34,"Male","No",NULL,NULL,"Bachelors",2014,"Bangalore",3,29,"Female","No",NULL,NULL
"Bachelors",2017,"Bangalore",3,34,"Male","No",NULL,NULL,"Bachelors",2015,"Bangalore",3,24,"Female","No",2,1
"Bachelors",2017,"Bangalore",3,34,"Male","No",NULL,NULL,"Masters",2012,"Pune",3,25,"Male","No",3,1
"Bachelors",2017,"Bangalore",3,34,"Male","No",NULL,NULL,"Bachelors",2013,"Pune",3,25,"Male","No",3,NULL
"Bachelors",2017,"Bangalore",3,34,"Male","No",NULL,NULL,"Masters",2017,"New Delhi",3,26,"Female","No",4,1
"Bachelors",2017,"Bangalore",3,34,"Male","No",NULL,NULL,"Bachelors",2017,"New Delhi",3,28,"Male","No",2,NULL
"Bachelors",2017,"Bangalore",3,34,"Male","No",NULL,NULL,"Masters",2015,"New Delhi",3,25,"Male","No",3,NULL
"Bachelors",2017,"Bangalore",3,34,"Male","No",NULL,NULL,"Bachelors",2017,"Bangalore",3,28,"Male","No",1,NULL
"Bachelors",2017,"Bangalore",3,34,"Male","No",NULL,NULL,"Masters",2013,"Pune",3,25,"Male","No",3,NULL
"Bachelors",2017,"Bangalore",3,34,"Male","No",NULL,NULL,"Bachelors",2015,"Bangalore",3,27,"Female","No",5,NULL
"Bachelors",2017,"Bangalore",3,34,"Male","No",NULL,NULL,"Bachelors",2013,"Bangalore",3,27,"Male","No",5,1
"Bachelors",2017,"Bangalore",3,34,"Male","No",NULL,NULL,"Bachelors",2012,"Bangalore",3,25,"Male","No",3,NULL
"Bachelors",2017,"Bangalore",3,34,"Male","No",NULL,NULL,"Bachelors",2015,"Bangalore",3,28,"Male","No",2,NULL
"Bachelors",2017,"Bangalore",3,34,"Male","No",NULL,NULL,"Masters",2013,"New Delhi",3,26,"Male","No",4,NULL
"Bachelors",2017,"Bangalore",3,34,"Male","No",NULL,NULL,"Bachelors",2017,"Bangalore",3,26,"Female","No",4,NULL
"Bachelors",2017,"Bangalore",3,34,"Male","No",NULL,NULL,"PHD",2015,"New Delhi",3,26,"Male","No",4,NULL
"Bachelors",2017,"Bangalore",3,34,"Male","No",NULL,NULL,"Bachelors",2015,"New Delhi",3,25,"Female","No",3,NULL
"Bachelors",2017,"Bangalore",3,34,"Male","No",NULL,NULL,"Bachelors",2012,"Bangalore",3,26,"Male","No",4,1
"Bachelors",2017,"Bangalore",3,34,"Male","No",NULL,NULL,"Bachelors",2014,"Bangalore",3,28,"Female","No",3,NULL
"Bachelors",2017,"Bangalore",3,34,"Male","No",NULL,NULL,"Masters",2014,"Pune",3,24,"Male","No",2,NULL
"Bachelors",2017,"Bangalore",3,34,"Male","No",NULL,NULL,"Bachelors",2013,"Bangalore",3,28,"Male","No",1,NULL
"Bachelors",2017,"Bangalore",3,34,"Male","No",NULL,NULL,"Bachelors",2015,"Pune",3,27,"Male","No",5,NULL
"Bachelors",2017,"Bangalore",3,34,"Male","No",NULL,NULL,"Bachelors",2018,"Bangalore",3,25,"Male","No",3,1
"Bachelors",2017,"Bangalore",3,34,"Male","No",NULL,NULL,"Bachelors",2017,"Bangalore",3,26,"Female","No",4,NULL
"Bachelors",2017,"Bangalore",3,34,"Male","No",NULL,NULL,"Bachelors",2013,"Bangalore",3,28,"Male","No",1,1
"Bachelors",2017,"Bangalore",3,34,"Male","No",NULL,NULL,"Masters",2016,"New Delhi",3,27,"Male","No",5,NULL
"Bachelors",2017,"Bangalore",3,34,"Male","No",NULL,NULL,"Masters",2017,"Bangalore",3,26,"Male","No",4,NULL
"Bachelors",2017,"Bangalore",3,34,"Male","No",NULL,NULL,"Masters",2018,"New Delhi",3,26,"Male","No",4,1
"Bachelors",2017,"Bangalore",3,34,"Male","No",NULL,NULL,"Bachelors",2012,"Pune",3,28,"Male","No",2,NULL
